{
  "playlist": [
    {
      "title": "The Best of the 80's",
      "signer": "Various Artists"
    },
    {
      "title": "Summer",
      "signer": "Joe Hisaishi"
    },
    {
      "title": "Waving Through A Window",
      "signer": "Ben Platt"
    },
    {
      "title": "GROWING IP IS ____",
      "signer": "Ruel"
    },
    {
      "title": "Ghost Town",
      "signer": "Benson Boone"
    },
    {
      "title": "Memories",
      "signer": "Conan Gray"
    },
    {
      "title": "One",
      "signer": "Ed Sheeran"
    },
    {
      "title": "I.O.U",
      "signer": "Carry & Ron"
    },
    {
      "title": "Masquerade",
      "signer": "Elina"
    },
    {
      "title": "Batter then this",
      "signer": "Lauv"
    }
  ]
}
